<DataSet xmlns="http://tempuri.org/">
<xs:schema xmlns="" xmlns:xs="http://www.w3.org/2001/XMLSchema" xmlns:msdata="urn:schemas-microsoft-com:xml-msdata" id="NewDataSet">
<xs:element name="NewDataSet" msdata:IsDataSet="true" msdata:UseCurrentLocale="true">
<xs:complexType>
<xs:choice minOccurs="0" maxOccurs="unbounded">
<xs:element name="Table">
<xs:complexType>
<xs:sequence>
<xs:element name="paterno" type="xs:string" minOccurs="0"/>
<xs:element name="materno" type="xs:string" minOccurs="0"/>
<xs:element name="nombres" type="xs:string" minOccurs="0"/>
<xs:element name="Actual" type="xs:string" minOccurs="0"/>
<xs:element name="Opcion" type="xs:string" minOccurs="0"/>
<xs:element name="nivel" type="xs:string" minOccurs="0"/>
<xs:element name="rfc" type="xs:string" minOccurs="0"/>
</xs:sequence>
</xs:complexType>
</xs:element>
</xs:choice>
</xs:complexType>
</xs:element>
</xs:schema>
<diffgr:diffgram xmlns:msdata="urn:schemas-microsoft-com:xml-msdata" xmlns:diffgr="urn:schemas-microsoft-com:xml-diffgram-v1">
<NewDataSet xmlns="">
<Table diffgr:id="Table1" msdata:rowOrder="0">
<paterno>Franecki</paterno>
<materno>Klein</materno>
<nombres>Katrina</nombres>
<Actual>MICHOACAN</Actual>
<Opcion>MICHOACAN</Opcion>
<nivel>PRIMARIA</nivel>
<rfc>chqEhKFAHcpof</rfc>
</Table>
</NewDataSet>
</diffgr:diffgram>
</DataSet>